{
  "per_token": [
    {
      "text": "My name is Sherlock Holmes and my email is sherlock.holmes@scotlandyard.uk.",
      "input_ids": [
        5444,
        1308,
        382,
        104689,
        62808,
        326,
        922,
        3719,
        382,
        76599,
        2802,
        1508,
        340,
        4613,
        31,
        2786,
        127504,
        23369,
        22319,
        13
      ],
      "offsets": [
        [
          0,
          2
        ],
        [
          2,
          7
        ],
        [
          7,
          10
        ],
        [
          10,
          19
        ],
        [
          19,
          26
        ],
        [
          26,
          30
        ],
        [
          30,
          33
        ],
        [
          33,
          39
        ],
        [
          39,
          42
        ],
        [
          42,
          47
        ],
        [
          47,
          51
        ],
        [
          51,
          53
        ],
        [
          53,
          55
        ],
        [
          55,
          58
        ],
        [
          58,
          59
        ],
        [
          59,
          61
        ],
        [
          61,
          67
        ],
        [
          67,
          71
        ],
        [
          71,
          74
        ],
        [
          74,
          75
        ]
      ],
      "pred_label_ids": [
        0,
        0,
        0,
        17,
        19,
        0,
        0,
        0,
        0,
        13,
        14,
        14,
        14,
        14,
        14,
        14,
        14,
        14,
        15,
        0
      ],
      "pred_labels": [
        "O",
        "O",
        "O",
        "B-private_person",
        "E-private_person",
        "O",
        "O",
        "O",
        "O",
        "B-private_email",
        "I-private_email",
        "I-private_email",
        "I-private_email",
        "I-private_email",
        "I-private_email",
        "I-private_email",
        "I-private_email",
        "I-private_email",
        "E-private_email",
        "O"
      ],
      "logits_argmax_scores": [
        0.9999990463256836,
        0.9999977350234985,
        0.9998173117637634,
        0.9999758005142212,
        0.9999715089797974,
        0.9999998807907104,
        1.0,
        1.0,
        1.0,
        0.9999988079071045,
        0.9999994039535522,
        0.9999998807907104,
        1.0,
        0.9999998807907104,
        0.9999997615814209,
        1.0,
        1.0,
        1.0,
        0.999980092048645,
        0.9999910593032837
      ]
    },
    {
      "text": "My name is Alice Smith",
      "input_ids": [
        5444,
        1308,
        382,
        44045,
        16627
      ],
      "offsets": [
        [
          0,
          2
        ],
        [
          2,
          7
        ],
        [
          7,
          10
        ],
        [
          10,
          16
        ],
        [
          16,
          22
        ]
      ],
      "pred_label_ids": [
        0,
        0,
        0,
        17,
        19
      ],
      "pred_labels": [
        "O",
        "O",
        "O",
        "B-private_person",
        "E-private_person"
      ],
      "logits_argmax_scores": [
        0.9999978542327881,
        0.9999700784683228,
        1.0,
        0.9999994039535522,
        0.9999899864196777
      ]
    },
    {
      "text": "Call me at 555-123-4567.",
      "input_ids": [
        4701,
        668,
        540,
        220,
        22275,
        12,
        7633,
        12,
        19354,
        22,
        13
      ],
      "offsets": [
        [
          0,
          4
        ],
        [
          4,
          7
        ],
        [
          7,
          10
        ],
        [
          10,
          11
        ],
        [
          11,
          14
        ],
        [
          14,
          15
        ],
        [
          15,
          18
        ],
        [
          18,
          19
        ],
        [
          19,
          22
        ],
        [
          22,
          23
        ],
        [
          23,
          24
        ]
      ],
      "pred_label_ids": [
        0,
        0,
        0,
        0,
        21,
        22,
        22,
        22,
        22,
        23,
        0
      ],
      "pred_labels": [
        "O",
        "O",
        "O",
        "O",
        "B-private_phone",
        "I-private_phone",
        "I-private_phone",
        "I-private_phone",
        "I-private_phone",
        "E-private_phone",
        "O"
      ],
      "logits_argmax_scores": [
        0.9999951124191284,
        0.9999312162399292,
        0.9999997615814209,
        0.9999991655349731,
        0.9999990463256836,
        0.9999992847442627,
        0.9999995231628418,
        0.9999998807907104,
        0.9999996423721313,
        0.9999974966049194,
        0.9999990463256836
      ]
    }
  ],
  "aggregated": [
    {
      "text": "My name is Sherlock Holmes and my email is sherlock.holmes@scotlandyard.uk.",
      "entities": [
        {
          "entity_group": "private_person",
          "score": 0.9999756813049316,
          "word": " Sherlock",
          "start": 10,
          "end": 19
        },
        {
          "entity_group": "private_person",
          "score": 0.9999717473983765,
          "word": " Holmes",
          "start": 19,
          "end": 26
        },
        {
          "entity_group": "private_email",
          "score": 0.9999997615814209,
          "word": " sherlock.holmes@scotlandyard",
          "start": 42,
          "end": 71
        },
        {
          "entity_group": "private_email",
          "score": 0.9999802112579346,
          "word": ".uk",
          "start": 71,
          "end": 74
        }
      ]
    },
    {
      "text": "My name is Alice Smith",
      "entities": [
        {
          "entity_group": "private_person",
          "score": 0.9999994039535522,
          "word": " Alice",
          "start": 10,
          "end": 16
        },
        {
          "entity_group": "private_person",
          "score": 0.9999899864196777,
          "word": " Smith",
          "start": 16,
          "end": 22
        }
      ]
    },
    {
      "text": "Call me at 555-123-4567.",
      "entities": [
        {
          "entity_group": "private_phone",
          "score": 0.9999994039535522,
          "word": "555-123-456",
          "start": 11,
          "end": 22
        },
        {
          "entity_group": "private_phone",
          "score": 0.999997615814209,
          "word": "7",
          "start": 22,
          "end": 23
        }
      ]
    }
  ]
}